student_id,name,program,cgpa,attendance_percentage,skills,project_count,certification_count,internship_count,technical_indicator_count,communication_indicator,activity_count,career_goal,skill_count
STU001,Asha,IT,8.7,91,Git;Pandas;Python;SQL,3,2,1,4,4,3,Data Analyst,4
STU002,Bala,CSE,7.9,82,Git;Java;SQL,2,1,1,3,3,2,Backend Developer,3
STU003,Charan,CSE,8.9,94,CSS;Git;HTML;JavaScript;React,4,2,1,5,4,4,Full Stack Developer,5
STU004,Divya,IT,9.1,96,Git;NumPy;Pandas;Python;scikit-learn;SQL,5,3,2,6,5,4,Machine Learning Engineer,6
STU005,Elan,ECE,7.2,72,Arduino;C;C++,1,0,0,2,2,1,Embedded Systems Engineer,3
STU006,Fathima,CSE,8.1,85,Git;Python;SQL,2,2,1,3,4,2,Data Analyst,3
STU007,Gokul,IT,6.8,68,Java;SQL,1,0,0,2,2,1,Backend Developer,2
STU008,Hari,CSE,8.5,88,CSS;Git;HTML;JavaScript;Node.js;SQL,3,1,1,4,4,3,Full Stack Developer,6
STU009,Isha,IT,7.6,79,NumPy;Python;SQL,2,1,0,3,3,2,Machine Learning Engineer,3
STU010,Jeeva,ECE,8.0,84,Arduino;C;C++;Embedded C;Git,3,1,1,4,3,3,Embedded Systems Engineer,5
STU011,Kavin,CSE,9.0,92,Git;Pandas;Power BI;Python;SQL,4,2,2,5,5,4,Data Analyst,5
STU012,Latha,IT,7.4,77,Git;Java;SQL,1,1,0,2,3,2,Backend Developer,3
STU013,Manoj,CSE,8.3,86,CSS;Git;HTML;JavaScript;Node.js;React;SQL,3,2,1,5,4,3,Full Stack Developer,7
STU014,Nila,IT,8.8,90,Git;NumPy;Pandas;Python;SQL,4,2,1,5,4,4,Machine Learning Engineer,5
STU015,Omkar,ECE,7.5,80,Arduino;C;Git,2,1,1,3,3,2,Embedded Systems Engineer,3
STU016,Priya,CSE,8.6,89,Git;Power BI;Python;SQL,3,2,1,4,5,3,Data Analyst,4
STU017,Quinn,IT,7.1,74,Git;Java,1,0,0,1,2,1,Backend Developer,2
STU018,Ravi,CSE,8.2,83,CSS;HTML;JavaScript;React;SQL,2,1,1,4,3,2,Full Stack Developer,5
STU019,Sara,IT,7.8,81,Pandas;Python;scikit-learn;SQL,2,1,1,4,4,2,Machine Learning Engineer,4
STU020,Teja,ECE,6.9,70,Arduino;C,1,0,0,2,2,1,Embedded Systems Engineer,2
