student_id,name,program,cgpa,attendance_percentage,skills,project_count,certification_count,internship_count,technical_indicator_count,communication_indicator,activity_count,career_goal
STU001,Asha,IT,8.7,91,"Python;SQL;Pandas;Git",3,2,1,4,4,3,Data Analyst
STU002,Bala,CSE,7.9,82,"Java;SQL;Git",2,1,1,3,3,2,Backend Developer
STU003,Charan,CSE,8.9,94,"HTML;CSS;JavaScript;React;Git",4,2,1,5,4,4,Full Stack Developer
STU004,Divya,IT,9.1,96,"Python;Pandas;NumPy;SQL;scikit-learn;Git",5,3,2,6,5,4,Machine Learning Engineer
STU005,Elan,ECE,7.2,72,"C;C++;Arduino",1,0,0,2,2,1,Embedded Systems Engineer
STU006,Fathima,CSE,8.1,85,"Python;SQL;Git",2,2,1,3,4,2,Data Analyst
STU007,Gokul,IT,6.8,68,"Java;SQL",1,0,0,2,2,1,Backend Developer
STU008,Hari,CSE,8.5,88,"HTML;CSS;JavaScript;Node.js;SQL;Git",3,1,1,4,4,3,Full Stack Developer
STU009,Isha,IT,7.6,79,"Python;NumPy;SQL",2,1,0,3,3,2,Machine Learning Engineer
STU010,Jeeva,ECE,8.0,84,"C;C++;Embedded C;Arduino;Git",3,1,1,4,3,3,Embedded Systems Engineer
STU011,Kavin,CSE,9.0,92,"Python;SQL;Pandas;Power BI;Git",4,2,2,5,5,4,Data Analyst
STU012,Latha,IT,7.4,77,"Java;SQL;Git",1,1,0,2,3,2,Backend Developer
STU013,Manoj,CSE,8.3,86,"HTML;CSS;JavaScript;React;Node.js;SQL;Git",3,2,1,5,4,3,Full Stack Developer
STU014,Nila,IT,8.8,90,"Python;Pandas;NumPy;SQL;Git",4,2,1,5,4,4,Machine Learning Engineer
STU015,Omkar,ECE,7.5,80,"C;Arduino;Git",2,1,1,3,3,2,Embedded Systems Engineer
STU016,Priya,CSE,8.6,89,"Python;SQL;Power BI;Git",3,2,1,4,5,3,Data Analyst
STU017,Quinn,IT,7.1,74,"Java;Git",1,0,0,1,2,1,Backend Developer
STU018,Ravi,CSE,8.2,83,"HTML;CSS;JavaScript;React;SQL",2,1,1,4,3,2,Full Stack Developer
STU019,Sara,IT,7.8,81,"Python;Pandas;SQL;scikit-learn",2,1,1,4,4,2,Machine Learning Engineer
STU020,Teja,ECE,6.9,70,"C;Arduino",1,0,0,2,2,1,Embedded Systems Engineer
